<?xml version="1.0" encoding="UTF-8"?><!DOCTYPE mapper PUBLIC "-//mybatis.org//DTD Mapper 3.0//EN"
    "http://mybatis.org/dtd/mybatis-3-mapper.dtd">
<mapper namespace="com.furenqiang.system.mapper.SysLogMapper">
    <resultMap id="BaseResultMap" type="com.furenqiang.system.entity.SysLog">
        <result column="id" property="id" jdbcType="INTEGER" />
        <result column="username" property="username" jdbcType="VARCHAR" />
        <result column="operation" property="operation" jdbcType="VARCHAR" />
        <result column="time" property="time" jdbcType="INTEGER" />
        <result column="method" property="method" jdbcType="VARCHAR" />
        <result column="params" property="params" jdbcType="VARCHAR" />
        <result column="ip" property="ip" jdbcType="VARCHAR" />
        <result column="createTime" property="createTime" jdbcType="TIMESTAMP" />
    </resultMap>
    <resultMap id="BaseResultVOMap" type="com.furenqiang.system.vo.SysLogCountVO">
        <result column="id" property="id" jdbcType="INTEGER" />
        <result column="username" property="username" jdbcType="VARCHAR" />
        <result column="operation" property="operation" jdbcType="VARCHAR" />
        <result column="time" property="time" jdbcType="INTEGER" />
        <result column="method" property="method" jdbcType="VARCHAR" />
        <result column="params" property="params" jdbcType="VARCHAR" />
        <result column="ip" property="ip" jdbcType="VARCHAR" />
        <result column="createTime" property="createTime" jdbcType="TIMESTAMP" />
    </resultMap>

    <sql id="Base_Column_List">
		id,username,operation,time,method,params,ip,createTime
	</sql>

    <insert id="addSysLog" parameterType="com.furenqiang.system.entity.SysLog" useGeneratedKeys="true" keyProperty="id" keyColumn="id">
        insert into sys_log
        <trim prefix="(" suffix=")" suffixOverrides=",">
            <if test="username != null and username != ''">
                username,
            </if>
            <if test="operation != null and operation != ''">
                operation,
            </if>
            <if test="time != null and time != ''">
                time,
            </if>
            <if test="method != null and method != ''">
                method,
            </if>
            <if test="params != null and params != ''">
                params,
            </if>
            <if test="ip != null and ip != ''">
                ip,
            </if>
            <if test="createTime != null">
                createTime,
            </if>
            <if test="result != null and result != ''">
                result,
            </if>
        </trim>
        <trim prefix="values (" suffix=")" suffixOverrides=",">
            <if test="username != null and username != ''">
                #{username,jdbcType=VARCHAR},
            </if>
            <if test="operation != null and operation != ''">
                #{operation,jdbcType=VARCHAR},
            </if>
            <if test="time != null and time != ''">
                #{time,jdbcType=INTEGER},
            </if>
            <if test="method != null and method != ''">
                #{method,jdbcType=VARCHAR},
            </if>
            <if test="params != null and params != ''">
                #{params,jdbcType=VARCHAR},
            </if>
            <if test="ip != null and ip != ''">
                #{ip,jdbcType=VARCHAR},
            </if>
            <if test="createTime != null">
                #{createTime,jdbcType=TIMESTAMP},
            </if>
            <if test="result != null and result != ''">
                #{result,jdbcType=VARCHAR},
            </if>
        </trim>
    </insert>

    <select id="getLogListByParams" resultMap="BaseResultMap">
        SELECT
        *
        FROM
        sys_log AS sl
        WHERE
        1 = 1
        <if test="username != null and username != ''">
            and sl.username like concat(concat('%',#{username,jdbcType=VARCHAR}),'%')
        </if>
        <if test="operation != null and operation != ''">
            and sl.operation like concat(concat('%',#{operation,jdbcType=VARCHAR}),'%')
        </if>
        <if test="ip != null and ip != ''">
            and sl.ip like concat(concat('%',#{ip,jdbcType=VARCHAR}),'%')
        </if>
        <if test="orderField != null">
            ORDER BY
            <if test="orderField == 1">
                sl.time
            </if>
            <if test="orderField == 2">
                sl.createTime
            </if>
            <if test="orderType != null">
                <if test="orderType == 2">
                    DESC
                </if>
            </if>
        </if>
    </select>

    <!--<update id="changeStatus" parameterType="com.furenqiang.system.entity.SysUser">-->
        <!--update sys_user-->
        <!--<set>-->
            <!--<if test="status != null and status != ''">-->
                <!--status = #{status,jdbcType=INTEGER},-->
            <!--</if>-->
        <!--</set>-->
        <!--where id = #{id,jdbcType=INTEGER}-->
    <!--</update>-->

    <!--<update id="updateUser" parameterType="com.furenqiang.system.entity.SysUser">-->
        <!--update sys_user-->
        <!--<set>-->
            <!--<if test="password != null and password != ''">-->
                <!--password = #{password,jdbcType=INTEGER},-->
            <!--</if>-->
        <!--</set>-->
        <!--where id = #{id,jdbcType=INTEGER}-->
    <!--</update>-->

    <select id="countTimeByParams" resultMap="BaseResultVOMap">
        SELECT
            sum( sl.time ) AS time,
            DATE_FORMAT( sl.createTime, '%Y-%m-%d' ) AS createTime
        FROM
            sys_log AS sl
        GROUP BY
            DATE_FORMAT(sl.createTime,'%Y-%m-%d')
        ORDER BY
            DATE_FORMAT(sl.createTime,'%Y-%m-%d')
	    LIMIT 0,7
    </select>

</mapper>