<?xml version="1.0" encoding="UTF-8"?><!DOCTYPE mapper PUBLIC "-//mybatis.org//DTD Mapper 3.0//EN"
    "http://mybatis.org/dtd/mybatis-3-mapper.dtd">
<mapper namespace="com.furenqiang.system.mapper.SysMenuMapper">
    <resultMap id="BaseResultMap" type="com.furenqiang.system.entity.SysMenu">
        <result column="id" property="id" jdbcType="INTEGER" />
        <result column="title" property="title" jdbcType="VARCHAR" />
        <result column="index" property="index" jdbcType="VARCHAR" />
        <result column="icon" property="icon" jdbcType="VARCHAR" />
        <result column="path" property="path" jdbcType="VARCHAR" />
        <result column="name" property="name" jdbcType="VARCHAR" />
        <result column="createTime" property="createTime" jdbcType="TIMESTAMP" />
        <result column="creatorId" property="creatorId" jdbcType="INTEGER" />
        <result column="creatorName" property="creatorName" jdbcType="VARCHAR" />
        <result column="parentId" property="parentId" jdbcType="INTEGER" />
        <result column="level" property="level" jdbcType="INTEGER" />
    </resultMap>

    <resultMap id="BaseResultTreeVoMap" type="com.furenqiang.system.vo.SysMenuTreeVO">
        <result column="id" property="id" jdbcType="INTEGER" />
        <result column="title" property="title" jdbcType="VARCHAR" />
        <result column="index" property="index" jdbcType="VARCHAR" />
        <result column="icon" property="icon" jdbcType="VARCHAR" />
        <result column="path" property="path" jdbcType="VARCHAR" />
        <result column="name" property="name" jdbcType="VARCHAR" />
        <result column="createTime" property="createTime" jdbcType="TIMESTAMP" />
        <result column="creatorId" property="creatorId" jdbcType="INTEGER" />
        <result column="creatorName" property="creatorName" jdbcType="VARCHAR" />
        <result column="parentId" property="parentId" jdbcType="INTEGER" />
        <result column="level" property="level" jdbcType="INTEGER" />
        <result column="hasChildren" property="hasChildren" jdbcType="INTEGER" />
    </resultMap>

    <sql id="Base_Column_List">
		id,title,index,icon,path,name,createTime,creatorId,creatorName,parentId,level
	</sql>

    <select id="getMenuList" resultMap="BaseResultTreeVoMap">
        SELECT
            id,
            title,
            sm.`index`,
            icon,
            path,
            name,
            createTime,
            creatorId,
            creatorName,
            parentId,
            level,
            ( SELECT CASE WHEN count(*)> 0 THEN 1 ELSE 0 END FROM sys_menu WHERE parentId = sm.id ) AS hasChildren
        FROM
            sys_menu AS sm
        ORDER BY
            sm.id
    </select>

    <!--<insert id="addSysLog" parameterType="com.furenqiang.system.entity.SysLog" useGeneratedKeys="true" keyProperty="id" keyColumn="id">-->
        <!--insert into sys_log-->
        <!--<trim prefix="(" suffix=")" suffixOverrides=",">-->
            <!--<if test="username != null and username != ''">-->
                <!--username,-->
            <!--</if>-->
            <!--<if test="operation != null and operation != ''">-->
                <!--operation,-->
            <!--</if>-->
            <!--<if test="time != null and time != ''">-->
                <!--time,-->
            <!--</if>-->
            <!--<if test="method != null and method != ''">-->
                <!--method,-->
            <!--</if>-->
            <!--<if test="params != null and params != ''">-->
                <!--params,-->
            <!--</if>-->
            <!--<if test="ip != null and ip != ''">-->
                <!--ip,-->
            <!--</if>-->
            <!--<if test="createTime != null">-->
                <!--createTime,-->
            <!--</if>-->
            <!--<if test="result != null and result != ''">-->
                <!--result,-->
            <!--</if>-->
        <!--</trim>-->
        <!--<trim prefix="values (" suffix=")" suffixOverrides=",">-->
            <!--<if test="username != null and username != ''">-->
                <!--#{username,jdbcType=VARCHAR},-->
            <!--</if>-->
            <!--<if test="operation != null and operation != ''">-->
                <!--#{operation,jdbcType=VARCHAR},-->
            <!--</if>-->
            <!--<if test="time != null and time != ''">-->
                <!--#{time,jdbcType=INTEGER},-->
            <!--</if>-->
            <!--<if test="method != null and method != ''">-->
                <!--#{method,jdbcType=VARCHAR},-->
            <!--</if>-->
            <!--<if test="params != null and params != ''">-->
                <!--#{params,jdbcType=VARCHAR},-->
            <!--</if>-->
            <!--<if test="ip != null and ip != ''">-->
                <!--#{ip,jdbcType=VARCHAR},-->
            <!--</if>-->
            <!--<if test="createTime != null">-->
                <!--#{createTime,jdbcType=TIMESTAMP},-->
            <!--</if>-->
            <!--<if test="result != null and result != ''">-->
                <!--#{result,jdbcType=VARCHAR},-->
            <!--</if>-->
        <!--</trim>-->
    <!--</insert>-->

    <!--<select id="getLogListByParams" resultMap="BaseResultMap">-->
        <!--SELECT-->
        <!--*-->
        <!--FROM-->
        <!--sys_log AS sl-->
        <!--WHERE-->
        <!--1 = 1-->
        <!--<if test="username != null and username != ''">-->
            <!--and sl.username like concat(concat('%',#{username,jdbcType=VARCHAR}),'%')-->
        <!--</if>-->
        <!--<if test="operation != null and operation != ''">-->
            <!--and sl.operation like concat(concat('%',#{operation,jdbcType=VARCHAR}),'%')-->
        <!--</if>-->
        <!--<if test="ip != null and ip != ''">-->
            <!--and sl.ip like concat(concat('%',#{ip,jdbcType=VARCHAR}),'%')-->
        <!--</if>-->
        <!--<if test="orderField != null">-->
            <!--ORDER BY-->
            <!--<if test="orderField == 1">-->
                <!--sl.time-->
            <!--</if>-->
            <!--<if test="orderField == 2">-->
                <!--sl.createTime-->
            <!--</if>-->
            <!--<if test="orderType != null">-->
                <!--<if test="orderType == 2">-->
                    <!--DESC-->
                <!--</if>-->
            <!--</if>-->
        <!--</if>-->
    <!--</select>-->

    <!--<update id="changeStatus" parameterType="com.furenqiang.system.entity.SysUser">-->
        <!--update sys_user-->
        <!--<set>-->
            <!--<if test="status != null and status != ''">-->
                <!--status = #{status,jdbcType=INTEGER},-->
            <!--</if>-->
        <!--</set>-->
        <!--where id = #{id,jdbcType=INTEGER}-->
    <!--</update>-->

    <!--<update id="updateUser" parameterType="com.furenqiang.system.entity.SysUser">-->
        <!--update sys_user-->
        <!--<set>-->
            <!--<if test="password != null and password != ''">-->
                <!--password = #{password,jdbcType=INTEGER},-->
            <!--</if>-->
        <!--</set>-->
        <!--where id = #{id,jdbcType=INTEGER}-->
    <!--</update>-->

</mapper>