<?xml version="1.0" encoding="UTF-8"?><!DOCTYPE mapper PUBLIC "-//mybatis.org//DTD Mapper 3.0//EN"
    "http://mybatis.org/dtd/mybatis-3-mapper.dtd">
<mapper namespace="com.furenqiang.system.mapper.SysUserMapper">
    <resultMap id="BaseResultMap" type="com.furenqiang.system.entity.SysUser">
        <result column="id" property="id" jdbcType="INTEGER" />
        <result column="username" property="username" jdbcType="VARCHAR" />
        <result column="password" property="password" jdbcType="VARCHAR" />
        <result column="creatorId" property="creatorId" jdbcType="VARCHAR" />
        <result column="creatorName" property="creatorName" jdbcType="VARCHAR" />
        <result column="status" property="status" jdbcType="INTEGER" />
        <result column="createTime" property="createTime" jdbcType="TIMESTAMP" />
    </resultMap>

    <sql id="Base_Column_List">
		id,username,password,status,createTime,creatorId,creatorName
	</sql>

    <insert id="registerUser" parameterType="com.furenqiang.system.entity.SysUser" useGeneratedKeys="true" keyProperty="id" keyColumn="id">
        insert into sys_user
        <trim prefix="(" suffix=")" suffixOverrides=",">
            <if test="username != null and username != ''">
                username,
            </if>
            <if test="password != null and password != ''">
                password,
            </if>
            <if test="creatorId != null and creatorId != ''">
                creatorId,
            </if>
            <if test="creatorName != null and creatorName != ''">
                creatorName,
            </if>
        </trim>
        <trim prefix="values (" suffix=")" suffixOverrides=",">
            <if test="username != null and username != ''">
                #{username,jdbcType=VARCHAR},
            </if>
            <if test="password != null and password != ''">
                #{password,jdbcType=VARCHAR},
            </if>
            <if test="creatorId != null and creatorId != ''">
                #{creatorId,jdbcType=INTEGER},
            </if>
            <if test="creatorName != null and creatorName != ''">
                #{creatorName,jdbcType=VARCHAR},
            </if>
        </trim>
    </insert>

    <select id="getUserListByParams" resultMap="BaseResultMap">
        SELECT
        *
        FROM
        sys_user AS su
        WHERE
        su.STATUS = 1
        <if test="username != null and username != ''">
            and su.username like concat(concat('%',#{username,jdbcType=VARCHAR}),'%')
        </if>
        <if test="creatorName != null and creatorName != ''">
            and su.creatorName like concat(concat('%',#{creatorName,jdbcType=VARCHAR}),'%')
        </if>
        ORDER BY su.id
    </select>

    <update id="changeStatus" parameterType="com.furenqiang.system.entity.SysUser">
        update sys_user
        <set>
            <if test="status != null">
                status = #{status,jdbcType=INTEGER},
            </if>
        </set>
        where id = #{id,jdbcType=INTEGER}
    </update>

    <update id="updateUser" parameterType="com.furenqiang.system.entity.SysUser">
        update sys_user
        <set>
            <if test="password != null and password != ''">
                password = #{password,jdbcType=INTEGER},
            </if>
        </set>
        where id = #{id,jdbcType=INTEGER}
    </update>

    <insert id="addSelectRole" parameterType="java.lang.Integer">
        insert into sys_user_role
        <trim prefix="(" suffix=")" suffixOverrides=",">
            <if test="uid != null">
                uid,
            </if>
            rid
        </trim>
        <trim prefix="values (" suffix=")" suffixOverrides=",">
            <if test="uid != null">
                #{uid,jdbcType=INTEGER},
            </if>
            ( SELECT id FROM sys_role WHERE rolename = 'select' )
        </trim>
    </insert>
</mapper>