<?xml version="1.0" encoding="UTF-8"?><!DOCTYPE mapper PUBLIC "-//mybatis.org//DTD Mapper 3.0//EN"
    "http://mybatis.org/dtd/mybatis-3-mapper.dtd">
<mapper namespace="com.furenqiang.system.mapper.TestMapper">
    <resultMap id="BaseResultMap" type="com.furenqiang.system.entity.Test">
        <result column="id" property="id" jdbcType="INTEGER" />
        <result column="name" property="name" jdbcType="VARCHAR" />
    </resultMap>

    <sql id="Base_Column_List">
		id,name
	</sql>

    <select id="getTest" resultType="Test">
        select id,name from test
    </select>
</mapper>